product_name,brands,countries,energy_100g,fat_100g,carbohydrates_100g,sugars_100g,proteins_100g,clss
"Apple, Beetroot & Blackcurrant Juice",Marks & Spencer,"France,Royaume-Uni",188.0,0.1,10.5,10.1,0.4,Apple
Freezed Orange Juice with Mango and Apple,Marks & Spencer,"France,Royaume-Uni",237.0,0.4,11.5,10.4,0.9,Apple
Pressed British Apple Juice,"M&S,Marks & Spencer","France,Royaume-Uni",201.0,0.1,10.4,10.4,0.1,Apple
Juicy Juice Apple,Nestl√©,United States,201.0,0.0,12.0,11.2,0.0,Apple
Apple Juice,"Tree Top, Tree Top Inc.",United States,209.0,0.0,12.1,10.8,0.0,Apple
100% Pure Apple Juice,Weis,US,707.0,0.0,40.85,40.85,1.41,Apple
"100% Juice, Apple","Veryfine,  Sunny Delight Beverages Company",US,209.0,0.0,12.06,12.06,0.0,Apple
100% Apple Juice,"Veryfine,  Sunny Delight Beverages Company",US,197.0,0.0,12.2,12.2,0.0,Apple
"Organics, 100% Apple Juice","Apple & Eve,  Apple & Eve   Llc",US,192.0,0.0,10.83,9.17,0.0,Apple
"100% Juice Blend, Apple",Caprisun,US,188.0,0.0,11.3,11.3,0.0,Apple
100% Gravenstein Apple Juice,Nana Mae's Organic,United States,209.0,0.0,12.0,10.0,0.0,Apple
"Organics, 100% Juice, Apple","Juicy Juice,  Harvest Hill Beverage Company",US,201.0,0.0,12.0,11.2,0.0,Apple
100% Apple Juice,Kroger,US,197.0,0.0,11.67,11.0,0.0,Apple
100% Juice Unfiltered Apple From Concentrate,"Kroger,  The Kroger Co.",US,192.0,0.0,11.25,11.25,0.0,Apple
100% Juice Apple Cider,Kroger,US,192.0,0.0,11.67,11.67,0.0,Apple
100% Apple Juice,Kroger,US,192.0,0.0,11.67,11.67,0.0,Apple
"100% Juice, Apple","Kroger,  The Kroger Co.",US,192.0,0.0,11.67,11.67,0.0,Apple
100% Apple Juice,"Simple Truth Organic,  The Kroger Co.",US,209.0,0.0,11.67,11.67,0.0,Apple
100% Apple Juice,Roundy's,US,209.0,0.0,12.5,10.83,0.0,Apple
100% Apple Juice,Roundy's,US,209.0,0.0,12.5,10.83,0.0,Apple
"100% Juice, Apple",Roundy's,US,209.0,0.0,12.5,10.83,0.0,Apple
100% Apple Juice,Roundy's,US,209.0,0.0,11.67,11.67,0.0,Apple
"Organic, Organic 100% Apple Juice","Simply Roundy's,  Simply Roundy's Organic",US,209.0,0.0,12.5,10.0,0.0,Apple
100% Apple Juice,Spartan,US,209.0,0.0,12.5,10.83,0.0,Apple
"100% Apple Juice, Original",Spartan,US,209.0,0.0,12.5,10.83,0.0,Apple
100% Apple Juice,Spartan,US,209.0,0.0,12.5,10.83,0.0,Apple
100% Apple Juice,Valu Time,US,192.0,0.0,11.67,11.67,0.0,Apple
"Rite Aid, Pantry, 100% Juice, Apple",Rite Aid Corporation,US,192.0,0.0,11.67,11.67,0.0,Apple
"100% Juice, Apple","Big Win,  Rite Aid Corporation",US,192.0,0.0,11.67,11.67,0.0,Apple
"100% Juice, Sparkling Apple Cider",Trader Joe's,US,226.0,0.0,13.75,13.75,0.0,Apple
100% Apple Juice,"Signature Kitchens,  Safeway  Inc.",US,192.0,0.0,11.67,11.67,0.0,Apple
100% Apple Juice,"Signature Kitchens,  Safeway  Inc.",US,192.0,0.0,11.67,11.67,0.0,Apple
"Premium Plus 100% Juice, Apple","Lucky Leaf,  Knouse Foods Inc.",US,209.0,0.0,12.92,10.83,0.0,Apple
100% Apple Juice,"Lucky Leaf,  Knouse Foods Inc.",US,209.0,0.0,12.92,10.83,0.0,Apple
"100% Juice, Apple","Lucky Leaf,  Knouse Foods Inc.",US,209.0,0.0,12.92,10.83,0.0,Apple
100% Apple Juice,"Lucky Leaf,  Knouse Foods Inc.",US,209.0,0.0,12.92,10.83,0.0,Apple
"100% Juice, Apple Cider","Lucky Leaf,  Knouse Foods Inc.",US,209.0,0.0,12.92,10.83,0.0,Apple
"Tree Top, 100% Apple Juice",Tree Top Inc.,US,209.0,0.0,12.08,10.83,0.0,Apple
"Tree Top, Fresh Pressed 100% Pure Juice, Apple",Tree Top Inc.,US,209.0,0.0,12.5,11.25,0.0,Apple
"Tree Top, 100% Juice, Apple",Tree Top Inc.,US,209.0,0.0,12.5,11.25,0.0,Apple
100% Honey Crisp Style Apple Juice From Concentrate With Added Ingredients,"Giant Eagle,  Giant Eagle  Inc.",US,192.0,0.0,11.67,11.67,0.0,Apple
100% Apple Juice,Ocean Spray Cranberries  Inc.,US,192.0,0.0,11.67,11.67,0.0,Apple
100% Apple Juice,"Food Club,  Topco Associates  Inc.",US,192.0,0.0,11.67,11.67,0.0,Apple
100% Apple Juice,"Musselman's,  Knouse Foods  Inc/Musselman Dv",US,209.0,0.0,12.92,10.83,0.0,Apple
"Premium 100% Juice, Apple","Musselman's,  Knouse Foods  Inc/Musselman Dv",US,209.0,0.0,12.92,10.83,0.0,Apple
100% Apple Cider Juice From Concentrate,"Musselman's,  Knouse Foods  Inc/Musselman Dv",US,209.0,0.0,12.92,10.83,0.0,Apple
"Nature's Blend, 100% Apple Cider Juice, Spiced Orange",Clement Pappas & Co.  Inc.,US,192.0,0.0,11.67,11.67,0.0,Apple
100% Apple Cider Juice,Nature's Blend,US,192.0,0.0,12.08,11.67,0.0,Apple
"Nature's Blend, 100% Juice Apple From Concentrate",Clement Pappas & Co.  Inc.,US,209.0,0.0,12.5,12.5,0.0,Apple
"Nature's Blend, Gala Apple Style 100% Juice",Clement Pappas & Co.  Inc.,US,192.0,0.0,11.67,11.67,0.0,Apple
"Nature's Blend, 100% Organic Juice, Honeycrisp Apple",Clement Pappas & Co.  Inc.,US,192.0,0.0,11.67,11.67,0.0,Apple
"Nature's Blend, Organic 100% Juice Fuji Apple Style",Clement Pappas & Co.  Inc.,US,192.0,0.0,11.67,11.67,0.0,Apple
"100% Juice, Apple","Clover Valley,  Clement Pappas & Co.  Inc.",US,192.0,0.0,11.67,11.67,0.0,Apple
100% Apple Juice From Concentrate With Added Ingredient,Clover Valley,US,192.0,0.0,11.67,11.67,0.0,Apple
"100% Organics Juice, Honey Crisp Apple","Central Market,  H E Butt Grocery Company",US,209.0,0.0,12.5,10.0,0.0,Apple
100% Pure Apple Juice,S. Martinelli & Co.,US,243.0,0.0,14.58,12.92,0.42,Apple
"Martinelli's, Gold Medal, 100% Pure Apple Juice",S. Martinelli & Co.,US,243.0,0.0,14.58,12.92,0.42,Apple
"100% Sparkling Juice, Apple Cranberry",Martinelli's,US,192.0,0.0,11.25,9.17,0.0,Apple
"Martinelli's, 100% Apple Juice",S. Martinelli & Co.,US,255.0,0.0,14.53,13.18,0.34,Apple
"100% Juice, Apple","Meijer,  Meijer  Inc.",US,209.0,0.0,12.92,10.83,0.0,Apple
100% Apple Juice From Concentrate,"Iga,  Iga  Inc.",US,192.0,0.0,11.25,11.25,0.0,Apple
Apple Cider 100% Juice,"Essential Everyday,Supervalu  Inc.",United States,192.0,0.0,11.67,11.67,0.0,Apple
Premium 100% Apple Juice,Weis Markets  Inc.,US,209.0,0.0,12.08,11.67,0.0,Apple
100% Apple Juice From Concentrate,Weis Markets  Inc.,US,209.0,0.0,12.92,9.58,0.0,Apple
"Sparkling 100% Juice, Cranberry Apple","Weis,  Weis Markets  Inc.",US,259.0,0.0,15.42,15.42,0.42,Apple
Apple Juice 100% Juice,Weis Markets  Inc.,US,209.0,0.0,11.67,10.83,0.0,Apple
"100% Juice, Apple",Nature's Nectar,US,188.0,0.0,11.5,11.5,0.0,Apple
100% Apple Juice,Smart & Final Iris Corporation,US,209.0,0.0,11.67,11.67,0.0,Apple
"100% Juice, Apple Cranberry","Langers,  Langer Juice Company  Inc.",US,192.0,0.0,11.81,10.55,0.0,Apple
"100% Juice, Apple Berry Cherry","Langers,  Langer Juice Company  Inc.",US,213.0,0.0,12.66,11.39,0.0,Apple
"100% Pure Juice, Apple, Kiwi, Strawberry","Langers,  Langer Juice Company  Inc.",US,192.0,0.0,12.66,11.39,0.0,Apple
"100% Juice, Apple, Peach, Mango","Langers,  Langer Juice Company  Inc.",US,192.0,0.0,11.81,10.55,0.0,Apple
"Fragile Planet, 100% Apple Juice, Apple",Langer Juice Company  Inc.,US,213.0,0.0,11.81,10.97,0.0,Apple
"Fragile Planet, 100% Apple Juice, Apple",Langer Juice Company  Inc.,US,213.0,0.0,11.81,10.97,0.0,Apple
"100% Juice, Apple Grape","Langers,  Langer Juice Company  Inc.",US,213.0,0.0,12.66,11.39,0.0,Apple
"100% Juice, Apple Kiwi Strawberry","Langers,  Langer Juice Company  Inc.",US,188.0,0.0,12.5,11.5,0.0,Apple
100% Apple Juice,Welch Foods Inc,US,837.0,0.0,48.33,46.67,0.0,Apple
"Farmer's Pick, 100% Juice, Harvest Apple Grape",Welch's,US,226.0,0.0,13.33,12.92,0.42,Apple
100% Apple Juice,"Welch's,  Welch Foods Inc",US,209.0,0.0,12.08,11.67,0.0,Apple
100% Apple Juice From Concentrate,S. M. Flickinger Co.  Inc.,US,192.0,0.0,11.67,11.67,0.0,Apple
100% Organic Apple Juice,"Field Day,  United Natural Foods  Inc.",US,209.0,0.0,12.5,10.0,0.0,Apple
"Whole House, Fresh Pressed 100% All Natural Apple Juice",National Fruit Product Co. Inc.,US,209.0,0.0,12.5,10.83,0.0,Apple
"White House, 100% All Natural Apple Juice, Apple",National Fruit Product Co. Inc.,US,209.0,0.0,12.5,10.83,0.0,Apple
"100% Juice Organics, Natural Style Apple",Apple & Eve,US,209.0,0.0,12.08,10.42,0.0,Apple
100% Apple Juice,"Gold Emblem,  Cvs Pharmacy  Inc.",US,192.0,0.0,11.67,11.67,0.0,Apple
"100% Juice, Apple","Tops,  Tops Markets  Llc",US,707.0,0.0,40.85,40.85,1.41,Apple
"Hansens, 100% Juice, Cranberry Apple",Monster Energy Company,US,192.0,0.0,11.25,10.83,0.0,Apple
"100% Juice, Apple Grape","Hansen's,  Monster Energy Company",US,192.0,0.0,11.67,11.25,0.0,Apple
100% Apple Juice,Kmart Corporation,US,192.0,0.0,11.67,11.67,0.0,Apple
"100% Apple Juice, Apple","Harris Teeter,  Harris-Teeter Inc.",US,192.0,0.0,11.67,11.67,0.0,Apple
"100% Juice, Cranberry & Red Delicious Apple","Harris Teeter,  Harris-Teeter Inc.",US,226.0,0.0,13.33,13.33,0.0,Apple
"100% Juice, Apple Cranberry",Key Food,US,226.0,0.0,13.33,12.5,0.0,Apple
100% Apple Juice,Apple Dandy,US,176.0,0.0,10.83,10.83,0.0,Apple
"Nature's Own, 100% Apple Juice",Apple Dandy,US,192.0,0.0,11.67,11.67,0.0,Apple
"Harvest Classic, 100% Juice, Apple",Cott Corporation,US,192.0,0.0,11.67,11.67,0.0,Apple
"100% Juice, Apple",Harvest Classic,US,192.0,0.0,11.67,11.67,0.0,Apple
"100% Juice, Flavored Apple Juice Blend, Acai Pomegranate","Old Orchard,  Old Orchard Brands Llc.",US,226.0,0.0,12.92,12.08,0.0,Apple
"100% Juice, Flavored Apple Juice Blend, Black Cherry Cranberry","Old Orchard,  Old Orchard Brands Llc.",US,226.0,0.0,12.92,12.5,0.0,Apple
100% Apple Juice From Organic Concentrate With Other Added Ingredients,Old Orchard Brands Llc.,US,209.0,0.0,12.08,11.25,0.0,Apple
"100% Juice, Flavored Apple Juice Blend, Kiwi Strawberry","Old Orchard,  Old Orchard Brands Llc.",US,226.0,0.0,12.92,12.08,0.0,Apple
"100% Juice, Flavored Apple Juice Blend, Cranberry Pomegranate","Old Orchard,  Old Orchard Brands Llc.",US,226.0,0.0,12.92,12.08,0.0,Apple
"100% Juice, Flavored Apple Juice Blend, Cherry, Pomegranate","Old Orchard,  Old Orchard Brands Llc.",US,226.0,0.0,12.92,12.08,0.0,Apple
"100% Juice, Flavored Apple Juice Blend, Blueberry Pomegranate","Old Orchard,  Old Orchard Brands Llc.",US,226.0,0.0,12.92,12.08,0.0,Apple
"100% Juice, Flavored Apple Juice Blend, Wild Cherry","Old Orchard,  Old Orchard Brands Llc.",US,226.0,0.0,12.92,12.08,0.0,Apple
"100% Juice, Flavored Apple Juice Blend, Berry Blend","Old Orchard,  Old Orchard Brands Llc.",US,209.0,0.0,12.08,11.25,0.0,Apple
"100% Juice, Flavored Apple Juice Blend, Peach Mango","Old Orchard,  Old Orchard Brands Llc.",US,209.0,0.0,12.08,11.25,0.0,Apple
"100% Juice, Apple","Old Orchard,  Old Orchard Brands Llc.",US,209.0,0.0,12.08,11.25,0.0,Apple
"100% Juice, Flavored Apple Juice Blend, Red Raspberry","Old Orchard,  Old Orchard Brands Llc.",US,209.0,0.0,12.08,11.25,0.0,Apple
"100% Juice, Flavored Apple Juice Blend, Mango Tangerine","Old Orchard,  Old Orchard Brands Llc.",US,209.0,0.0,12.08,11.25,0.0,Apple
"100% Juice, Apple Cider","Old Orchard,  Old Orchard Brands Llc.",US,209.0,0.0,12.08,11.25,0.0,Apple
"100% Juice, Frozen Concentrate, Apple","Old Orchard,  Old Orchard Brands Llc",US,837.0,0.0,48.33,45.0,0.0,Apple
"100% Juice, Flavored Juice Blend, Frozen Concentrate, Apple Cranberry","Old Orchard,  Old Orchard Brands Llc",US,837.0,0.0,51.67,48.33,0.0,Apple
"100% Juice, Flavored Juiced Blend, Frozen Concentrate, Apple Strawberry Banana","Old Orchard,  Old Orchard Brands Llc",US,908.0,0.0,51.67,51.67,0.0,Apple
"100% Juice, Apple Kiwi Strawberry",Old Orchard,US,908.0,0.0,51.67,48.33,0.0,Apple
"100% Juice, Flavored Juice Blend, Frozen Concentrate, Apple Raspberry","Old Orchard,  Old Orchard Brands Llc",US,908.0,0.0,51.67,48.33,0.0,Apple
"100% Juice, Flavored Juice Blend, Frozen Concentrate, Apple Cherry","Old Orchard,  Old Orchard Brands Llc",US,908.0,0.0,51.67,48.33,0.0,Apple
"100% Juice, Apple Passion Mango",Old Orchard,US,908.0,0.0,51.67,48.33,0.0,Apple
"100% Juice, Cranberry Apple","Hy-Vee,  Hy-Vee  Inc.",US,226.0,0.0,13.33,13.33,0.0,Apple
"Just Juice 100% Juice, Apple","Hy-Vee,  Hy-Vee  Inc.",US,192.0,0.0,11.25,11.25,0.0,Apple
"100% Juice, Apple",Hy-Vee  Inc.,US,188.0,0.0,11.86,11.3,0.0,Apple
"Organic 100% Juice, Apple","Apple & Eve,  Apple & Eve   Llc",US,188.0,0.0,10.5,9.0,0.0,Apple
"100% Juice, No Sugar Added, Apple","Apple & Eve,  Apple & Eve   Llc",US,192.0,0.0,10.83,9.17,0.42,Apple
"100% Juice, Apple","Apple & Eve,  Apple & Eve   Llc",US,192.0,0.0,10.83,9.17,0.42,Apple
"100% Juice Blend, Cranberry Apple","Apple & Eve,  Apple & Eve   Llc",US,226.0,0.0,13.75,12.5,0.42,Apple
"Sesame Street, Apple & Eve, 100% Juice, Berry",Apple & Eve   Llc,US,209.0,0.0,12.08,10.42,0.0,Apple
"100% Juice, Apple","Apple & Eve,  Apple & Eve   Llc",US,192.0,0.0,12.08,10.42,0.0,Apple
"Everfresh Juice Co., Pure 100% Apple Juice",Ever Fresh Juice Co,US,197.0,0.0,12.16,12.16,0.0,Apple
All Natural 100% Pure Apple Juice,Everfresh Juice Co,US,192.0,0.0,12.08,12.08,0.0,Apple
"Everfresh Juice Co., Premier, 100% Apple Juice, Granny Smith",Ever Fresh Juice Co,US,201.0,0.0,12.11,12.11,0.0,Apple
"Everfresh Juice Co., Premier, 100% Apple Juice, Fuji",Ever Fresh Juice Co,US,201.0,0.0,12.11,12.11,0.0,Apple
"Everfresh Juice Co., Premier, 100% Apple Juice, Honey Crisp",Ever Fresh Juice Co,US,201.0,0.0,12.11,12.11,0.0,Apple
"Everfresh, Premier Varietals, 100% Juice, Mcintosh Apple",Ever Fresh Juice Co,US,201.0,0.0,12.11,12.11,0.0,Apple
100% Apple Juice,Sam's Choice,US,209.0,0.0,12.5,11.25,0.0,Apple
100% Apple Blends Juice,Great Value,US,192.0,0.0,11.25,11.25,0.0,Apple
100% Apple Juice From Concentrate,Member's Marks,US,209.0,0.0,12.08,11.67,0.0,Apple
"Pressed, 100% Juice, Apple","Naked,  Naked Pressed",US,226.0,0.0,12.5,9.17,0.42,Apple
"100% Juice, Apple",Market Pantry,US,192.0,0.0,11.67,11.67,0.0,Apple
100% Apple Juice,Market Pantry,US,192.0,0.0,11.67,11.67,0.0,Apple
"100% Juice, No Sugar Added, Apple Grape","Apple & Eve,  Superfeet Worldwide  Inc.",US,218.0,0.0,12.8,11.2,0.0,Apple
Pink Lady Apple Juice,Marks & Spencer,France,192.0,0.1,11.3,10.9,0.1,Apple
Organic - 100% Apple Juice,"365 Everyday Value,  Whole Foods Market  Inc.",US,209.0,0.0,12.5,12.0,0.0,Apple
"Seneca, 100% Apple Juice Concentrate",Seneca Foods Corporation,US,766.0,0.0,46.67,46.67,0.0,Apple
100% Apple Juice,Simply Balanced,US,209.0,0.0,12.5,12.5,0.0,Apple
"Riverton Orchards, 100% Apple Juice From Concentrate",Dollar Tree Stores  Inc.,US,176.0,0.0,10.57,10.14,0.0,Apple
100% Apple Juice,Ahold,US,192.0,0.0,11.67,11.67,0.0,Apple
100% Apple Juice,Ahold,US,192.0,0.0,11.67,11.67,0.0,Apple
100% Apple Juice,Ahold,US,192.0,0.0,11.67,11.67,0.0,Apple
100% Apple Juice,Ahold,US,209.0,0.0,12.92,12.92,0.0,Apple
"Unsweetened 100% Juice, Apple",Ahold,US,192.0,0.0,11.67,11.67,0.0,Apple
"Nature's Promise, 100% Juice Blend, Cranberry Apple",Ahold,US,209.0,0.0,12.5,12.5,0.0,Apple
100% Apple Juice,"K&G,  Krause Gentle Corporation",US,192.0,0.0,11.67,11.67,0.0,Apple
"100% Juice Style Apple Juice From Concentrate With Added Ingredients, Gala","Meijer,  Meijer  Inc.",US,192.0,0.0,11.67,11.67,0.0,Apple
"True Goodness, Organic 100% Apple Juice From Concentrate","Meijer,  Meijer  Inc.",US,209.0,0.0,12.5,12.5,0.0,Apple
"Urban Green, 100% Fresh Pressed Juice, Apples, Celery Cucumbers, Kale, Cilantro & Limes","Whole Foods Market,  Harry's Farmers Market  Ltd.",US,176.0,0.0,10.42,6.25,0.42,Apple
"100% Juice, Pure Apple","Haggen,  Haggen Inc.",US,209.0,0.0,11.67,10.83,0.0,Apple
"100% Juice, Apple","Gonzalez,  Northgate Gonzalez  Inc.",US,192.0,0.0,11.67,11.67,0.0,Apple
"Lincoln, 100% Apple Juice",Knouse Foods  Inc./Lincoln Division,US,209.0,0.0,12.92,10.83,0.0,Apple
100% Apple Juice,"Casa Cardenas,  Cardenas Markets",US,192.0,0.0,11.67,11.67,0.0,Apple
"100% Juice, Apple, Pear","Natural Nectar,  Breton Enterprises Inc",US,209.0,0.0,12.5,10.83,0.0,Apple
100% Organic Apple Juice,Fruit In Its Birthday Suit,US,209.0,0.0,12.5,10.0,0.0,Apple
"Wacky Apple, 100% Organic Juice, Fruit Punch",Wacky Apple Company  Inc.,US,167.0,0.0,9.5,8.0,0.0,Apple
"Fruit Punch, 100% Apple Pear & Grape Juice From Concentrate",Good2grow  Inc.,US,192.0,0.0,11.39,10.55,0.0,Apple
"Good 2 Grow, 100% Juice, Apple",Good2grow  Inc.,US,188.0,0.0,11.3,10.17,0.0,Apple
100% Apple Juice,"Wellsley Farms,  Bj's Wholesale Club / Corporate Brands",US,192.0,0.0,11.67,11.67,0.0,Apple
100% Apple Juice,"Wellsley Farms,  Bj's Wholesale Club / Corporate Brands",US,192.0,0.0,11.67,11.67,0.0,Apple
100% Apple Juice,"Juicy Juice,  Harvest Hill Beverage Company",US,201.0,0.0,12.0,11.2,0.0,Apple
"100% Juice, Peach Apple","Juicy Juice,  Harvest Hill Beverage Company",US,209.0,0.0,12.08,11.25,0.0,Apple
"100% Juice, Cranberry Apple","Juicy Juice,  Harvest Hill Beverage Co.",US,192.0,0.0,11.67,11.25,0.0,Apple
"Organics, 100% Juice, Apple","Juicy Juice,  Harvest Hill Beverage Company",US,192.0,0.0,12.08,11.25,0.0,Apple
"100% Juice, Apple","Juicy Juice,  Harvest Hill Beverage Company",US,192.0,0.0,11.67,10.83,0.0,Apple
"100% Juice, Apple Raspberry","Juicy Juice,  Harvest Hill Beverage Company",US,209.0,0.0,12.5,11.67,0.0,Apple
"100% Juice, Apple","Juicy Juice,  Harvest Hill Beverage Company",US,209.0,0.0,12.0,11.0,0.0,Apple
"100% Juice, Apple",Juicy Juice,US,201.0,0.0,11.99,11.19,0.0,Apple
Apple & Prickly Pear Juice Drink,"El Tequito,Lidl",France,197.0,0.5,11.2,11.0,0.1,Apple
Apple Juice from Concentrate,vitafit,France,190.0,0.1,10.5,10.0,0.1,Apple
Pure pressed Apple & Mango Juice,Asda,United Kingdom,204.0,0.1,11.0,11.0,0.2,Apple
Co-op Cloudy Apple Juice,Co-op,United Kingdom,181.0,0.5,10.0,9.7,0.5,Apple
100% pure Apple Juice from Concentrate,Princes,United Kingdom,188.0,0.1,10.4,10.4,0.1,Apple
Apple & Mango Juice,Morrisons,United Kingdom,214.0,0.1,11.7,11.7,0.3,Apple
Cloudy Apple Juice,Copella,United Kingdom,197.0,0.0,10.7,10.3,0.2,Apple
Apple & Raspberry Juice,Innocent,France,176.0,0.0,9.6,8.9,0.3,Apple
100 % Juice Apple,Ceres,"Belgique,√âtats-Unis",225.0,0.0,13.0,13.0,0.0,Apple
Premium 100% Apple Juice,Weis,US,209.0,0.0,12.08,11.67,0.0,Apple
Apple Juice ,The Daily Juice Company,Australia,157.0,1.0,10.4,10.2,1.0,Apple
"Juice of Apple, Mandarin & Passionfruit",Grove Juice,Australia,197.0,0.3,9.6,9.6,0.6,Apple
Mountain Fresh Fruit Juices Apple and Mango Juice,Mountain Fresh,Australia,206.0,0.3,11.3,9.9,0.1,Apple
Apple Currant Premium New Zealand Juice,Mill Orchard,New Zealand,208.0,1.0,10.8,10.5,1.0,Apple
Orange Juice,Trader Joe's,United States,209.0,0.0,11.7,0.833,0.41700000000000004,Orange
Freezed Orange Juice with Mango and Apple,Marks & Spencer,"France,Royaume-Uni",237.0,0.4,11.5,10.4,0.9,Orange
100% Orange Juice,Minute Maid,United States,204.0,0.0,11.3,10.0,0.667,Orange
100% Fresh Squeezed Orange Juice,,United States,192.0,0.0,12.1,10.4,0.41700000000000004,Orange
100% Pure Orange Juice,Tropicana,United States,192.0,0.0,10.8,9.17,0.833,Orange
"Nature's Blend, 100% Apple Cider Juice, Spiced Orange",Clement Pappas & Co.  Inc.,US,192.0,0.0,11.67,11.67,0.0,Orange
"Organics, 100% Juice, Orange Pineapple","Apple & Eve,  Apple & Eve Llc",US,209.0,0.0,12.5,12.5,0.0,Orange
"100% Organic Juice, Orange Pineapple","Apple & Eve,  Apple & Eve   Llc",US,209.0,0.0,12.5,12.5,0.0,Orange
Homestyle Orange Juice Some Pulp,Tropicana,"Canada,France",184.0,0.0,11.0,9.0,0.8,Orange
"100% Juice From Concentrate, Strawberry Blood Orange","Apple & Eve,  Apple & Eve   Llc",US,192.0,0.0,11.67,11.67,0.0,Orange
Pure Squeezed Orange Juice Juicy Bits,Asda,United Kingdom,196.0,0.1,10.0,10.0,0.6,Orange
Co-op Smooth Orange Juice,Co-op,United Kingdom,176.0,0.5,8.8,8.1,0.7,Orange
Orange Juice Smooth,,United States,180.0,0.1,9.2,9.2,0.5,Orange
Fresh Squeezed Orange Juice,Johnsons Juice Co.,United Kingdom,177.0,0.1,9.6,9.0,0.5,Orange
"Orangen Juice, Orange",Innocent,"Belgique,France",163.0,0.0,8.4,7.7,0.8,Orange
"Pure squeezed & pressed Orange, Mango & Passionfruit Juice",Asda,United Kingdom,221.0,0.0,11.3,11.2,0.7,Orange
100% Pure Orange & Pineapple Juice,Asda,United Kingdom,212.0,0.1,11.1,11.1,0.4,Orange
Orange Juice,"Jaffa Champion,Jaffa",France,174.0,0.1,10.3,10.3,0.1,Orange
Orange Juice,Coles,Australia,165.0,1.0,9.0,7.1,1.0,Orange
Coles Orange Juice,Coles,Australia,160.0,0.2,8.0,6.8,0.6,Orange
Nippy's All Australian Orange Juice,Nippy's,Australia,138.0,1.0,6.7,6.4,0.7,Orange
Tastfully Original Chilled Orange Juice,"Original Juice Co,Golden Circle",Australia,215.0,0.1,10.8,8.6,0.7,Orange
Nothing But 31.5 Oranges Pulp Free Juice,Nudie,Australia,180.0,1.0,10.0,8.4,1.0,Orange
Pepsi,Pepsi,United States,41.7,0.0,11.4,11.4,0.0,Cola
Coca-Cola,Coca Cola,United States,167.0,0.0,10.8,10.8,0.0,Cola
Diet Coke,Coca Cola,United States,0.0,0.0,0.0,0.0,0.0,Cola
Coca-Cola,Coca Cola,United States,165.0,0.0,11.0,11.0,0.0,Cola
Inca Kola,Continental Food & Beverage,P√©rou,165.0,0.0,11.0,11.0,0.0,Cola
Diet Coke‚Ñ¢ / Coke Di√®teüÖ´,"Coca-Cola,Coke,Diet Coke,Coke Di√®te",Canada,0.0,0.0,0.0,0.0,0.0282,Cola
Pepsi,Pepsi,"Qu√©bec, Canada",177.0,0.0,11.8,11.5,0.0,Cola
Coca-Cola,Coca-Cola,United States,177.0,0.0,11.0,11.0,0.0,Cola
"Pepsi, Nouveau go√ªt !",Pepsi,France,177.0,0.0,10.4,10.4,0.0,Cola
refreshe cola,"refreshe,Safeway",United States,192.0,0.0,12.1,12.1,0.0,Cola
Coca-Cola,Coca-Cola,United States,165.0,0.0,11.0,11.0,0.0,Cola
Coca-Cola Life,Coca-Cola,United States,112.0,0.0,6.67,6.67,0.0,Cola
Canne Cola,"Boylan Bottling Co, Boylan Bottling Company Inc.","France, US",188.0,0.0,11.5,11.5,0.0,Cola
Coca Cola,Coca Cola,France,180.0,0.0,10.6,10.6,0.0,Cola
Premium Cola,Premium,Deutschland,172.0,0.1,10.0,10.0,0.1,Cola
Moyen Coca Cola Light,"McDonald's,Coca Cola",France,0.0,0.0,0.0,0.0,0.0,Cola
Moyen Coca-Cola,"Mcdonald's,Coca Cola",France,178.0,0.0,11.0,11.0,0.0,Cola
Coca Cola Zero (40cl),"Coca Cola Zero,Mcdonald's",France,0.0,0.0,0.0,0.0,0.0,Cola
Ciego Montero tukola,Ciego Montero,Cuba,118.0,0.0,7.04,7.04,0.0,Cola
Freeway cola,Freeway Cola,France,190.0,0.1,10.9,10.9,0.1,Cola
Cola light,Freeway,France,17.0,0.1,0.8,0.8,0.1,Cola
Freeway Cola,Freeway,France,183.0,0.01,10.8,10.7,0.01,Cola
Freeway cola light,Freeway,France,2.0,0.01,0.1,0.1,0.01,Cola
Freeway Cola,Freeway,France,190.0,0.1,10.9,10.9,0.1,Cola
Freeway Cola 0% sucre,Freeway,France,4.0,0.1,0.1,0.1,0.1,Cola
Freeway Cola Light,freeway,"Belgique,France",4.0,0.001,0.1,0.1,0.1,Cola
Cola,Freeway,France,175.0,0.1,10.3,10.2,0.1,Cola
Cola,"Regal,Aldi",Australia,196.0,0.0,11.5,11.5,0.0,Cola
Breizh Cola,Phare Ouest,France,180.0,0.5,10.7,10.6,0.5,Cola
Cola 0%,River,France,1.7,0.1,0.1,0.1,0.1,Cola
Cola,River,France,182.0,0.1,10.7,10.6,0.1,Cola
Cola,river,"Belgique,France",180.0,0.0,11.0,11.0,0.0,Cola
Coca-Cola z√©ro,Coca-Cola,France,0.0,0.0,0.0,0.0,0.0,Cola
Sowest Cola,Sowest Cola,France,180.0,0.0,10.6,10.6,0.0,Cola
Cola,SoWest,France,178.0,0.0,10.6,10.6,0.0,Cola
Sowest Cola Zero,Ogeu,France,3.5,0.0,0.0,0.0,0.0,Cola
Sowest Cola,"Ogeu,Sowest",France,178.0,0.0,10.6,10.6,0.0,Cola
Schweppes Dark Side premium cola,Schweppes,France,110.0,0.0,6.5,6.4,0.0,Cola
Coca-cola,coca-cola,France,180.0,0.0,10.6,10.6,0.0,Cola
Coca-Cola 50cl,Coca-Cola,"France, en:switzerland",176.0,0.0,10.6,10.6,0.0,Cola
Coca Cola,"Coca-Cola,Coca Cola","Belgique,France,Maroc,Suisse",176.0,0.0,10.6,10.6,0.0,Cola
Coca Cola sans caf√©ine,Coca Cola,France,189.0,0.0,11.2,11.2,0.0,Cola
Cola Classic,Casino,France,159.0,0.0,9.5,9.5,0.0,Cola
Cola light,Casino,France,2.0,0.0,0.1,0.1,0.0,Cola
Cola,Casino,France,121.0,0.0,7.3,7.3,0.0,Cola
Liger Cola,"Loire Valley Distribution,Liger Cola",France,185.0,0.0,10.9,10.9,0.0,Cola
Liger Cola,Liger Cola,France,185.0,0.0,10.9,10.9,0.0,Cola
cola light,"l'abeille,stand up",France,4.1,0.0,0.2,0.2,0.03,Cola
Look Cola,"Look,EM Saint Alban",France,179.0,0.5,10.5,10.5,0.5,Cola
Look Cola Classic 50 cl,Look,France,184.0,0.5,11.0,10.5,0.5,Cola
Cola,"Look,Intermarch√©",France,187.0,0.5,11.0,10.5,0.5,Cola
Cola One Zero,Netto,France,2.0,0.5,0.5,0.5,0.5,Cola
Cola Zero,"Look,Intermarch√©",France,0.0,0.5,0.5,0.5,0.5,Cola
Cola Classic,Look,France,170.0,0.1,10.0,10.0,0.1,Cola
Look cola saveur cerise,"Look,S√©lection intermarch√©,Antartic",France,176.0,0.3,10.5,10.5,0.5,Cola
Cola one,Netto,France,172.0,0.5,10.2,10.2,0.5,Cola
Cola,"Sans marque,Roxane",France,169.0,0.0,9.5,9.5,0.0,Cola
Soda aux extraits v√©g√©taux Cola,Pschitt!,France,197.0,0.1,11.3,10.6,0.1,Cola
Cola z√©ro ,U,France,2.0,0.0,0.1,0.0,0.0,Cola
Cola classic,U,France,126.0,0.0,7.5,7.4,0.1,Cola
Cola light,U,France,1.4,0.0,0.1,0.0,0.0,Cola
Cola Classic,U,France,128.0,0.0,7.5,7.4,0.0,Cola
Cola Classic U,U,"Guyane, en:france",128.0,0.0,7.5,7.4,0.0,Cola
"Cola standard U, 1 litre",U Cola Classic,France,126.0,0.0,7.5,7.4,0.0,Cola
Elsass Cola,Elsass Cola,France,177.0,0.0,10.4,10.4,0.0,Cola
Cola,Cora,France,151.0,0.0,8.9,8.9,0.0,Cola
Cola,Cora,France,180.0,0.0,10.5,10.5,0.5,Cola
Cola,Cora,France,180.0,0.0,10.5,10.5,0.5,Cola
Cola,Belle France,France,197.0,0.1,11.3,10.8,0.1,Cola
Cola Light,Belle France,France,17.0,0.1,0.5,0.5,0.1,Cola
Cola Sans Caf√©ine,Belle France,France,4.0,0.0,0.25,0.25,0.0,Cola
Quebec Soda,,France,163.0,0.0,9.6,9.6,0.0,Cola
Cola,Leader Price,France,109.0,0.0,6.5,6.5,0.0,Cola
Cola 0%,Leader Price,France,9.0,0.0,0.5,0.5,0.0,Cola
Cola light all√©g√© en sucres,Leader Price,France,2.0,0.0,0.1,0.0,0.1,Cola
Cola Stevia,Leader Price,France,111.0,0.0,6.5,6.5,0.0,Cola
Cola l√©ger en sucre,Leader Price,France,96.0,0.01,5.6,5.6,0.017,Cola
Cola light,Leader Price,France,9.0,0.1,0.2,0.2,0.1,Cola
Cola,Leader Price,France,124.0,0.0,7.3,7.3,0.1,Cola
Steff Cola,Steff,France,4.0,0.0,0.3,0.3,0.0,Cola
Fizz Cola Bio,Meneau,France,208.0,0.0,16.9,16.9,0.0,Cola
Coca-cola z√©ro,Coca-cola,La R√©union,0.0,0.0,0.0,0.0,0.0,Cola
Cola Biologique au Sirop d'Agave,Vitamont,France,160.0,0.0,9.4,9.4,0.0,Cola
Vitamont Cola,Vitamont,France,188.0,0.0,11.3,9.98,0.0,Cola
Coca-Cola,Coca-Cola,France,176.0,1.0,10.6,10.6,0.0,Cola
Coca-cola z√©ro 2L,Coca-Cola,France,0.0,0.0,0.0,0.0,0.0,Cola
Coca-cola z√©ro,Coca-cola,France,1.0,0.0,0.0,0.0,0.0,Cola
Coca Cola,Coca cola,"Suisse,France,Belgique",180.0,0.0,10.6,10.6,0.0,Cola
Coca Cola,Coca-Cola,France,184.0,0.0,10.6,10.6,0.0,Cola
Royal Soda Zero Kampane,Royal,France,5.0,0.0,0.21,0.2,0.0,Cola
Coca cola,,France,180.0,0.0,10.6,10.6,0.0,Cola
Selecto,Selecto,France,84.0,0.0,10.2,0.0,0.0,Cola
Netto Cola one light,Netto,France,2.0,0.1,0.2,0.1,0.2,Cola
Cola,eco+,France,25.0,0.5,1.5,1.5,0.5,Cola
Breizh Cola Z√©ro,Breizh Cola,France,3.0,0.5,0.5,0.5,0.5,Cola
Breizh cola z√©ro,"Breizh cola,Phare Ouest,Brasserie Lancelot",France,13.0,0.2,0.2,0.2,0.0,Cola
Breizh Cola St√©via,Breizh Cola,France,88.0,0.5,5.2,5.1,0.5,Cola
Breizh Cola,"Breizh Cola,Phare Ouest",France,180.0,0.5,10.7,10.6,0.5,Cola
Breizh Cola,Breizh cola,France,180.0,0.01,10.7,10.6,0.4,Cola
Breizh Cola,Breizh Cola,France,182.0,0.5,10.7,10.6,0.5,Cola
Breizh Cola Sans Sucres,Breizh Cola,France,3.0,0.5,0.5,0.5,0.5,Cola
Breizh Cola St√©via,Breizh Cola,France,90.0,0.5,5.2,5.1,0.5,Cola
Breizh Cola,"Breizh Cola,Phare Ouest",France,182.0,0.5,10.7,10.6,0.5,Cola
Breizh Cola,Breizh Cola,France,182.0,0.5,10.7,10.6,0.5,Cola
Corsica Cola,Corsica Cola,France,188.0,0.0,11.4,11.4,0.0,Cola
Pepsi light d√©caf√©in√©,Pepsi,France,1.0,0.0,0.0,0.0,0.0,Cola
Pack de 6 Pepsi 33 cl,Pepsi,France,185.0,0.0,10.9,10.9,0.0,Cola
Pepsi Max (z√©ro sucres),"Pepsi,Pepsi Max,PepsiCo",France,2.12,0.0,0.0,0.0,0.0,Cola
Pepsi Max (z√©ro sucres),"Pepsi,Pepsi Max,PepsiCo",France,2.0,0.0,0.0,0.0,0.0,Cola
Pepsi,Pepsi,France,185.0,0.0,10.9,10.9,0.0,Cola
Pepsi Next,Pepsi,France,128.0,0.0,7.5,7.4,0.0,Cola
Next,Pepsi,France,128.0,0.0,7.5,7.4,0.0,Cola
Pepsi Next (+1 bo√Æte gratuite),Pepsi,France,128.0,0.0,7.5,7.4,0.0,Cola
Pepsi Max Cherry* (*saveur cerise) - (0 % sucres),"Pepsi,Pepsi Max,PepsiCo",France,0.0,0.0,0.0,0.0,0.0,Cola
Pepsi,"Pepsi,Pepsico",France,185.0,0.0,10.9,10.9,0.0,Cola
Pepsi,Pepsi,France,185.0,0.0,10.8,10.8,0.0,Cola
Pepsi Max Lime,Pepsi,France,3.0,0.0,0.0,0.0,0.0,Cola
Max,Pepsi,France,2.0,0.0,0.0,0.0,0.0,Cola
Pepsi,Pepsi,France,184.0,0.0,10.9,10.9,0.0,Cola
Pepsi (Format Familial),Pepsi,France,185.0,0.0,10.9,10.9,0.0,Cola
Pepsi max ginger,Pepsi,France,25.0,0.0,0.1,0.0,0.1,Cola
Pepsi max ginger,Pepsi,France,25.0,0.0,0.1,0.0,0.1,Cola
Pepsi Max ginger,Pepsi,France,3.0,0.0,0.1,0.0,0.1,Cola
Pepsi Next,Pepsi,France,128.0,0.0,7.5,7.4,0.0,Cola
Paris Cola,Paris Cola,France,186.0,0.0,10.9,10.9,0.0,Cola
Paris Cola,Paris Cola,France,186.0,0.0,10.9,10.9,0.0,Cola
Boisson Gaz√©ifi√©e √† L'ar√¥me Naturel - Paris Cola,Paris Cola,France,184.0,0.0,10.9,10.9,0.0,Cola
Cola,Paris Cola,France,186.0,0.0,10.9,10.9,0.0,Cola
Cola classic,carrefour,France,176.0,0.0,10.4,10.4,0.0,Cola
Cola Classic Carrefour,Carrefour,France,111.0,0.0,6.5,6.5,0.0,Cola
Coca light sans caf√©ine,Carrefour,France,3.0,0.0,0.0,0.0,0.0,Cola
Cola extrait de St√©via,Carrefour,France,111.0,0.0,6.5,6.5,0.0,Cola
Cola Light,Carrefour,France,2.0,0.0,0.0,0.0,0.0,Cola
Cola Light Carrefour Discount,Carrefour Discount,France,0.0,0.0,0.0,0.0,0.0,Cola
Cola Z√©ro Carrefour,Carrefour,France,0.0,0.0,0.0,0.0,0.0,Cola
Cola light,Carrefour,Belgique,2.12,0.0,0.0909,0.0,0.0,Cola
Cola Zero,Carrefour,"Belgique,France",0.0,0.0,0.5,0.0,0.0,Cola
Cola Classic,Carrefour,France,151.0,0.0,9.3,9.3,0.0,Cola
Cola Zero,Carrefour Discount,France,1.0,0.0,0.0,0.0,0.0,Cola
Cola Classic,Carrefour,France,180.0,0.0,11.0,11.0,0.0,Cola
Pure Sensation Cola Classic,"Jean's,Marque Rep√®re",France,162.0,0.2,9.5,9.5,0.0,Cola
Jean's Cola light,"Marque Rep√®re,Jean's Cola,Jean's",France,6.0,0.1,0.3,0.3,0.1,Cola
Jeans Cola,"Jean's,Marque Rep√®re",France,159.0,0.0,9.4,9.4,0.0,Cola
Pure Sensation Cola Light Lemon,Jean's,France,2.9,0.0,0.17,0.1,0.1,Cola
Pure Sensation Cola Classic,"Jean's,Marque Rep√®re,Leclerc",France,159.0,0.2,9.5,9.5,0.0,Cola
Jean's cola z√©ro,"Jean's Cola,Marque rep√®re,Jean's",France,2.0,0.0,0.0,0.0,0.0,Cola
Jean's cola zero,"Jean's,Marque Rep√®re",France,2.0,0.0,0.0,0.0,0.0,Cola
Cola,"Jean's,Marque Rep√®re",France,160.0,0.0,9.5,9.5,0.0,Cola
Pure Sensation Cola Cherry,Jean's,France,165.0,0.1,9.7,9.6,0.1,Cola
Human Cola Regular Pet,"Carrefour,Human Cola",France,192.0,0.1,11.0,11.0,0.1,Cola
U.man Cola,U-MAN COLA,France,1.0,0.01,0.25,0.25,0.03,Cola
Human Cola Bio,U-MAN COLA,France,184.0,0.0,12.0,12.0,0.0,Cola
Cola'rdeche,Cola'rdeche,France,0.0,0.0,10.9,10.9,0.0,Cola
Cola¬¥rd√®che,"Brasserie du Mont Blanc,Brasserie Bourganel",France,184.0,0.01,10.8,10.8,0.01,Cola
Planet cola light,Auchan,France,2.0,0.0,0.1,0.5,0.0,Cola
Planet Cola Z√©ro,Auchan,France,0.0,0.0,0.5,0.0,0.0,Cola
Cola Z√©ro,Auchan,France,4.0,0.0,0.5,0.0,0.5,Cola
Plan√®te Cola,Auchan,France,761.0,0.0,10.7,10.7,0.0,Cola
Planet Cola,Auchan,France,185.0,0.0,10.9,10.9,0.0,Cola
Planet Cola Cherry,Auchan,France,165.0,0.5,9.7,9.6,0.5,Cola
Cola Artisanal,Elixia,France,130.0,0.1,7.2,7.2,0.2,Cola
Elixia,"Imagram,SARL Imagram",France,130.0,1.0,7.2,7.2,0.2,Cola
Limonade au cola pur sucre,"P tit quinquin,P'tit Quinquin",France,155.0,0.0,9.3,9.22,0.1,Cola
Chtil√† Cola,Chtil√† Cola,France,182.0,0.1,10.4,10.3,0.0,Cola
Coca-Cola,The Coca-Cola Company,France,176.0,0.0,10.6,10.6,0.0,Cola
Auvergnat Cola,"Le Bougnat,Auvergnat Cola",France,201.0,0.0,12.0,11.6,0.0,Cola
Beauce Cola,Beauce Cola,France,167.0,0.0,10.0,10.0,0.0,Cola
Meuh Cola,"Meuh Cola,Solibulles",France,165.0,0.0,9.7,9.7,0.0,Cola
Meuh Cola,Solibulles,France,165.0,0.0,9.7,9.7,0.0,Cola
Boisson gazeuse saveur Cola,Sea'up,France,0.0,0.0,0.0,0.0,0.0,Cola
Zam Zam Cola,Zam Zam,France,174.0,0.0,10.4,10.4,0.0,Cola
Loire Cola,Loire Soda,France,184.0,0.0,10.9,10.9,0.0,Cola
Russia Cola,Russia Cola,France,130.0,0.0,7.5,7.5,0.0,Cola
Vita Cola Original zuckerfrei,Vita Cola,Deutschland,10.0,0.0,0.0,0.0,0.0,Cola
Mate-Cola,Oettinger,Deutschland,174.0,0.1,10.2,10.1,0.1,Cola
Cola Bio,Bionade,France,110.0,0.1,5.8,5.8,0.5,Cola
BioZisch Guarana Cola,"Voelkel,BioZisch",Deutschland,168.0,0.0,9.8,9.8,0.1,Cola
Club-Mate Cola,Club-Mate,"Frankreich,Deutschland",167.0,0.0,10.0,10.0,0.0,Cola
Pepsi,Pepsi,"France, en:india",177.0,0.0,10.4,10.4,0.0,Cola
Pepsi,Pepsi,France,185.0,0.0,10.9,10.9,0.0,Cola
Pepsi,pepsi,"Belgique,France",184.0,0.0,10.9,10.9,0.0,Cola
Pepsi,Pepsi,"France,Suisse",182.0,0.0,10.7,10.7,0.0,Cola
Pepsi Max (0 % sucres),"Pepsi,Pepsi Max",France,2.0,0.0,0.0,0.0,0.0,Cola
Pepsi Max,Pepsi,France,21.0,0.0,0.1,0.0,0.1,Cola
Pepsi Max Cool Lemon,Pepsi,France,21.0,0.0,0.0,0.0,0.1,Cola
Pepsi,Pepsi,Deutschland,182.0,0.0,10.7,10.7,0.0,Cola
Pepsi light,Pepsi,Deutschland,1.0,0.0,0.1,0.0,0.1,Cola
Pepsi light lemon,Pepsi,Deutschland,2.0,0.0,0.1,0.0,0.1,Cola
Pepsi cola,Pespi,"France, Suisse",185.0,0.0,10.9,10.9,0.0,Cola
Pepsi light,,Suisse,1.0,0.0,0.1,0.0,0.1,Cola
Pepsi Max,"Pepsi,PepsiCo","France,Suisse",1.0,0.0,0.1,0.0,0.1,Cola
Coca Cola classic,Coca Cola,Deutschland,176.0,0.0,10.6,10.6,0.0,Cola
Cola Zero,Topstar,Deutschland,0.0,0.0,0.0,0.0,0.0,Cola
Freeway Cola,Freeway,Deutschland,175.0,0.1,10.3,10.2,0.1,Cola
Freeway Cola,Freeway,Deutschland,175.0,0.1,10.3,10.2,0.1,Cola
Cola Zero,Surf,Deutschland,1.0,0.0,0.0,0.0,0.0,Cola
Freeway Cola Zero,Freeway,Deutschland,1.6,0.04,0.04,0.04,0.04,Cola
Cola Mix Zero,Topstar,Deutschland,7.0,0.01,0.3,0.0,0.03,Cola
Dr. Pepper Cherry,Dr. Pepper,Deutschland,188.0,0.0,12.1,11.5,0.0,Cola
Fritz-kola,"Fritz kola,fritz-kola","Deutschland,France",176.0,1.0,11.0,11.0,1.0,Cola
Fritz-kola zuckerfrei,"Fritz kola,fritz-kola","Allemagne,France",4.0,0.0,0.1,0.1,0.0,Cola
Angeliter Cola,"Weltbrauerei,Angeliter",Deutschland,191.0,0.0,11.0,11.0,0.0,Cola
Cola American Taste,Gut & G√ºnstig,Germany,173.0,0.0,10.2,10.2,0.0,Cola
Coca-Cola,"The Coca-Cola Company,Coca-Cola",Philippines,174.0,0.0,10.4,10.4,0.0,Cola
Coca Cola Coke,Coca Cola,Hong Kong,176.0,0.0,10.6,10.6,0.0,Cola
Coca-Cola,Coca-Cola,France,180.0,0.0,10.6,10.6,0.0,Cola
"Coca-cola 1,5 l",Coca-cola,France,180.0,0.0,10.6,10.6,0.0,Cola
Coca Cola,Coca Cola,"France, en:switzerland, en:belgium",180.0,0.0,10.6,10.6,0.0,Cola
Coca Cola,Coca-Cola,France,180.0,0.0,10.8,10.8,0.0,Cola
Coca-Cola (5+1 gratuite),Coca-Cola,France,180.0,0.0,10.6,10.6,0.0,Cola
Coca-Cola,Coca-Cola,France,180.0,0.0,10.6,10.6,0.0,Cola
Coca-Cola,Coca-Cola,"Deutschland,France",180.0,0.0,10.6,10.6,0.0,Cola
Coca-Cola,Coca-Cola,"Frankreich,Deutschland",180.0,0.0,10.6,10.6,0.0,Cola
Coca-Cola light,Coca-Cola,Deutschland,0.8,0.0,0.0,0.0,0.0,Cola
Coca-Cola,Coca-Cola,"Deutschland,France",180.0,0.5,10.6,10.6,0.5,Cola
Coca-Cola light koffeinfrei,Coca-Cola,Deutschland,0.8,0.0,0.0,0.0,0.0,Cola
Coca-Cola Zero,Coca-Cola,Deutschland,0.92,0.0,0.0,0.0,0.0,Cola
Coca-Cola zero,Coca-Cola,Deutschland,0.92,0.0,0.0,0.0,0.0,Cola
Coca-Cola z√©ro,Coca-Cola,France,1.0,0.0,0.0,0.0,0.0,Cola
Coca-Cola 33Cl,Coca-Cola,Italy,180.0,0.0,10.6,10.6,0.0,Cola
Coca-Cola Z√©ro,"Coca cola zero,Coca-Cola","Belgique,France",0.0,0.0,0.0,0.0,0.0,Cola
Coca-Cola,Coca-Cola,"France,Suisse",176.0,0.0,10.6,10.6,0.0,Cola
Coca-Cola light,Coca-Cola,France,0.0,0.0,0.0,0.0,0.0,Cola
Coca-Cola,Coca-Cola,Deutschland,180.0,0.0,10.6,10.6,0.0,Cola
Coca Cola David Guetta Collector 2012,Coca-Cola,France,180.0,0.0,10.6,10.6,0.0,Cola
Coca-cola z√©ro,Coca-cola,France,1.0,0.0,0.0,0.0,0.0,Cola
Coca-Cola zero,Coca-Cola,Deutschland,0.92,0.0,0.0,0.0,0.0,Cola
Coca-cola,Coca cola,France,180.0,0.0,10.6,10.6,0.0,Cola
Coca Cola Light Jean Paul Gaultier 2012,"Coca Cola,Coca Cola Light,Coca Cola Collector 2012,Coca Cola Collector",France,1.0,0.0,0.0,0.0,0.0,Cola
Coca cola,"Coca-Cola,Coca cola",France,176.0,0.0,10.6,10.6,0.0,Cola
Coca-Cola Collector 2013,Coca Cola,"France, en:belgium",180.0,0.0,10.6,10.6,0.0,Cola
Coca-Cola Zero¬Æ,"Coca Cola,The Coca Cola Company,Coca-Cola¬Æ",France,1.4,0.0,0.0,0.0,0.0,Cola
Coca-Cola Light,Coca-Cola,France,1.0,0.0,0.0,0.0,0.0,Cola
Coca-Cola AVICII,"The Coca-Cola Company,Coca-Cola",France,176.0,0.0,10.6,10.6,0.0,Cola
Coca-Cola Zero,Coca-Cola,France,1.0,0.0,0.0,0.0,0.0,Cola
Coca-Cola Zero,Coca-Cola,France,1.4,0.0,0.0,0.0,0.0,Cola
Coca-Cola,"Coca-Cola,The Coca-Cola Company",France,180.0,0.0,10.6,10.6,0.0,Cola
Coca-Cola ,Coca-Cola,France,180.0,0.0,10.6,10.6,0.0,Cola
Boisson gazeuse aux extraits v√©g√©taux,Coca-Cola,France,176.0,0.0,10.6,10.6,0.0,Cola
Coca-Cola,Coca-Cola,France,180.0,0.0,10.6,10.6,0.0,Cola
Coca-Cola Life (Bon Plan),Coca-Cola,France,98.0,0.0,5.0,5.0,0.0,Cola
Coca-Cola life,Coca-Cola,Deutschland,113.0,0.0,6.7,6.7,0.0,Cola
Coca cola,"Coca-Cola company,The Coca-Cola Company,Coca-Cola",France,176.0,0.0,10.8,10.8,0.0,Cola
Coca-Cola Zero,"The Coca-Cola Company,Coca-Cola",France,4.0,0.0,0.0,0.0,0.0,Cola
Coca-Cola Light,Coca-Cola,France,1.0,0.0,0.0,0.0,0.0,Cola
Cola-Cola Zero Euro 2016,Coca-Cola,France,1.4,0.0,0.0,0.0,0.0,Cola
Boisson gazeuse aux extraits v√©g√©taux,"Coca Cola,The Coca-Cola Company",France,176.0,0.0,10.6,10.6,0.0,Cola
Coca-Cola Zero Euro 2016,"Coca-Cola,The Coca Cola Company",France,0.0,0.0,0.0,0.0,0.0,Cola
Coca Cola Light,Coca Cola Light,France,0.0,0.0,0.0,0.0,0.0,Cola
Lot de 30 Canettes Slim Can de Coca Cola,"Coca Cola,The Coca Cola Company",France,180.0,0.0,10.6,10.6,0.0,Cola
Full 2017 Olympique Lyonnais Aluminum Coca Cola Bottle Coke Soccer France,Coca-Cola,France,180.0,0.0,10.6,10.6,0.0,Cola
Coca-cola,Coca-Cola,France,176.0,0.0,10.6,10.6,0.0,Cola
Coca-Cola,Coca-Cola,France,180.0,0.0,10.6,10.6,0.0,Cola
Coca-Cola,Coca-Cola,France,180.0,0.0,10.6,10.6,0.0,Cola
Coca-Cola Zero Sucres,"The Coca-Cola Company,Coca-Cola",France,0.0,0.0,0.0,0.0,0.0,Cola
Coca-cola z√©ro,Coca-Cola,France,0.0,0.0,0.0,0.0,0.0,Cola
Curiosity Cola,Fentimans,United Kingdom,192.0,0.0,11.3,11.3,1.0,Cola
Ubuntu Cola,Ubuntu,"France,United Kingdom, Sverige",176.0,0.0,10.4,10.4,0.0,Cola
Pepsi twist,"Pepsi,Pepsico",Serbia,174.0,0.0,10.8,10.8,0.0,Cola
Cola regular,Everyday,"Belgique,France",176.0,0.0,11.0,11.0,0.0,Cola
Cola Zero,"Everyday,Everyday (Colruyt)",Belgique,0.0,0.0,0.0,0.0,0.0,Cola
Cola Bio,Oxfam,France,182.0,0.0,10.2,10.2,0.5,Cola
Cola,Winny,France,1.0,0.0,0.1,0.1,0.0,Cola
Cola 0%,365 (Delhaize),Belgique,0.2,0.0,0.1,0.1,0.0,Cola
Dr Pepper,Dr Pepper,France,173.0,0.0,10.1,10.0,0.0,Cola
Dr Pepper Cherry,Dr Pepper,France,118.0,0.0,6.82,6.79,0.0,Cola
Coca-Cola,Coca Cola,"Slovaquie,R√©publique Tch√®que, en:switzerland",190.0,0.0,11.2,11.2,0.0,Cola
Coca Cola,"Coca-Cola,ŸÉŸàŸÉÿß ŸÉŸàŸÑÿß","Belgique,R√©publique tch√®que,France,Irak,La R√©union,Suisse,Su√®de",180.0,0.0,10.6,10.6,0.0,Cola
Coca Cola,"Coca-Cola,Coca Cola",France,180.0,0.0,10.6,10.6,0.0,Cola
Coca-cola cherry,"Coca-Cola,The Coca-Cola Company",France,180.0,0.0,10.7,10.7,0.0,Cola
Coca-Cola sans caf√©ine,Coca-Cola,France,188.0,0.0,11.0,11.0,0.0,Cola
Coca Cola,Coca Cola,France,180.0,0.0,10.6,10.6,0.0,Cola
Coca Cola,Coca-Cola,France,176.0,0.0,10.6,10.6,0.0,Cola
Coca-Cola,Coca Cola,"Francia,Espa√±a",176.0,0.0,10.6,10.6,0.0,Cola
Coca-Cola Light sans caf√©ine,Coca-Cola,France,1.0,0.0,0.0,0.0,0.0,Cola
Coca Cola Cherry,Coca Cola,R√©publique tch√®que,192.0,0.0,11.3,11.3,0.0,Cola
Coca Cola,"Coca Cola,Coke","Belgique,France",180.0,0.0,10.6,10.6,0.0,Cola
Coca-cola light,Coca-Cola,France,1.0,0.0,0.0,0.0,0.0,Cola
Coca-Cola,Coca-Cola,Deutschland,180.0,0.0,10.8,10.8,0.0,Cola
Coca-Cola light,Coca-Cola,Deutschland,0.8,0.0,0.0,0.0,0.0,Cola
Coca-Cola light koffeinfrei,Coca-Cola,Deutschland,0.8,0.0,0.0,0.0,0.0,Cola
Coca Cola Zero,Coca-Cola,France,1.0,0.0,0.0,0.0,0.0,Cola
Coca-Cola cherry,Coca-Cola,France,180.0,0.0,10.7,10.7,0.0,Cola
Coca Cola,Coca Cola,"France,Pologne",180.0,0.0,10.6,10.6,0.0,Cola
Coca-cola sans cafeine,Coca cola zero,France,184.0,0.0,11.1,11.1,0.0,Cola
Coca-Cola light,Coca-Cola,France,1.0,0.0,0.0,0.0,0.0,Cola
Coca-Cola Light,Coca-Cola,France,1.0,0.0,0.0,0.0,0.0,Cola
Coca-Cola Light,Coca-Cola,"B√©lgica,Francia,Reuni√≥n,Espa√±a,Suiza",1.0,0.0,0.0,0.0,0.0,Cola
Coca Cola light,Coca cola zero,France,0.0,0.0,0.0,0.0,0.0,Cola
Coca-cola light 2L,Coca-cola,France,1.0,0.0,0.0,0.0,0.0,Cola
Coca-cola,Coca-cola,France,180.0,0.0,10.6,10.6,0.0,Cola
Coca Cola,Coca-Cola,"Portugal,Serbia",185.0,0.0,10.9,10.9,0.0,Cola
Coca-Cola life ,Coca-Cola,France,113.0,0.0,6.7,6.7,0.0,Cola
Coca-Cola Life,"Coca-Cola,Coca Cola,Coca Cola Life","Danemark,France,Suisse,Royaume-Uni",96.0,0.0,5.8,5.8,0.0,Cola
Coca-Cola Life,Coca-Cola,United Kingdom,113.0,0.0,6.67,6.67,0.0,Cola
Coca Cola Light,Coca-Cola,"Belgique,France,Suisse",0.0,0.0,0.0,0.0,0.0,Cola
Coca Cola,"Coca cola company,Coca-Cola company,The Coca-Cola Company,Coca-Cola","Belgique,France,Serbie,Suisse",176.0,0.0,10.6,10.6,0.0,Cola
Coca-Cola Light sans caf√©ine,Coca-Cola,France,1.0,0.0,0.0,0.0,0.0,Cola
Coca-Cola,Coca-Cola,United Kingdom,180.0,0.0,10.6,10.6,0.0,Cola
Coca-Cola Life,"Coca-Cola, Coca-Cola Life","France, Suisse",113.0,0.0,6.7,6.7,0.0,Cola
Coca Cola Zero,Coca-Cola,"Austria,Belgium,France",1.4,0.0,0.0,0.0,0.0,Cola
Coca-Cola,Coca-Cola,United Kingdom,180.0,0.0,10.6,10.6,0.0,Cola
Coca Cola Light Lemon,Coca Cola,France,5.1,0.0,0.0,0.0,0.0,Cola
Coca-Cola sans Caf√©ine,Coca-Cola,France,189.0,0.0,11.1,11.1,0.0,Cola
Coca Cola Life,"Coca-Cola,Coca Cola Life","France,Switzerland",96.0,0.0,5.8,5.8,0.0,Cola
Coca-Cola Life,Coca-Cola,France,113.0,0.0,6.7,6.7,0.0,Cola
Coca-cola vanille,coca-cola,France,181.0,0.0,10.6,10.6,0.0,Cola
Coca Cola Cherry,Coca Cola,France,180.0,0.0,10.6,10.6,0.0,Cola
Coca cola lemon light,Coca,France,4.0,0.0,0.0,0.0,0.0,Cola
Coca-Cola Light Frigo Pack,Coca-Cola,France,1.0,0.0,0.0,0.0,0.0,Cola
Coca Cola light lime,Coca Cola,France,4.3,0.0,0.0,0.0,0.0,Cola
Dr Pepper Zero,"Dr Pepper,Coca Cola",United Kingdom,1.8,0.0,0.0,0.0,0.0,Cola
Coca Cola,"Coca-Cola,Coca Cola,ŸÉŸàŸÉÿß ŸÉŸàŸÑÿß","ÿßŸÑÿπÿ±ÿßŸÇ,ÿßŸÑŸÖŸÖŸÑŸÉÿ© ÿßŸÑŸÖÿ™ÿ≠ÿØÿ©, en:france,France",180.0,0.0,10.6,10.6,0.0,Cola
Coca Cola Zero,Coca-Cola,"Alg√©rie,Belgique,France,Allemagne,Guadeloupe,Italie,Liban,Luxembourg,Martinique,Maroc,Pays-Bas,Portugal,La R√©union,S√©n√©gal,Espagne,Suisse,Royaume-Uni",0.0,0.0,0.0,0.0,0.0,Cola
Coca-Cola zero,coca-cola,"Belgique,France,Italie,Suisse",0.0,0.0,0.0,0.0,0.0,Cola
Coca-Cola Zero,Coca-Cola,"R√©publique tch√®que,France,Suisse",21.0,0.0,0.0,0.0,0.0,Cola
Coca-Cola Zero ,"Coca-Cola, Coca-Cola zero","Belgique,France, Suisse",1.4,0.0,0.0,0.0,0.0,Cola
Coca Cola Zero,"Coca-Cola,The Coca Cola Company","Belgique,France,Suisse",0.0,0.0,0.0,0.0,0.0,Cola
Coca-Cola zero,Coca-Cola,Deutschland,0.9,0.0,0.0,0.0,0.0,Cola
Coca-Cola Z√©ro,Coca-Cola,France,0.0,0.0,0.0,0.0,0.0,Cola
Coca-Cola zero,Coca-Cola,Deutschland,1.0,0.0,0.1,0.0,0.1,Cola
Coca Cola Jeux Olympiques de Londres 2012,Coca-Cola,France,180.0,0.0,10.6,10.6,0.0,Cola
Coca Cola Light Jean Paul Gaultier 2012,"Coca Cola,Coca Cola Light,Coca Cola Collector 2012,Coca Cola Collector",France,1.0,0.0,0.0,0.0,0.0,Cola
Coca cola zero¬Æ frigo pack,Coca Cola,France,1.4,0.0,0.0,0.0,0.0,Cola
Coca cola z√©ro,"Coca cola zero,Coca Cola",France,0.0,0.0,0.0,0.0,0.0,Cola
Coca-Cola Zero,Coca-Cola,"Belgique,France,Suisse",1.4,0.0,0.0,0.0,0.0,Cola
Coca-Cola light koffeinfrei,Coca-Cola,Deutschland,0.8,0.0,0.0,0.0,0.0,Cola
Coca Cola z√©ro sans caf√©ine,"Coca Cola,Coca Cola z√©ro",France,1.4,0.0,0.0,0.0,0.0,Cola
Coca-Cola Zero sans caf√©ine,coca-cola,France,1.4,0.0,0.0,0.0,0.0,Cola
Coca Cola Z√©ro sans caf√©ine,"Coca Cola,Coca Cola z√©ro","France,Suisse",1.4,0.0,0.0,0.0,0.0,Cola
Coca Cola light,Coca Cola,France,1.0,0.0,0.0,0.0,0.0,Cola
Coca-Cola Zero,Coca-Cola,France,1.4,0.0,0.0,0.0,0.0,Cola
Coca-Cola Zero Zero,The Coca-Cola Company,Spain,0.9,0.0,0.0,0.0,0.0,Cola
Coca Cola Cherry,Coca Cola,France,182.0,0.0,10.8,10.8,0.0,Cola
Coca-Cola zero koffeinfrei,Coca-Cola,Deutschland,0.9,0.0,0.0,0.0,0.0,Cola
Coca-Cola Zero Cherry,Coca-Cola,France,1.4,0.0,0.0,0.0,0.0,Cola
Coca-Cola Zero Cherry,Coca-Cola,France,1.4,0.0,0.0,0.0,0.0,Cola
Coca-Cola,Coca-Cola,France,180.0,0.0,10.6,10.6,0.0,Cola
Coca Cola,Coca-cola,France,176.0,0.0,10.6,10.6,0.0,Cola
Coca-Cola Z√©ro,Coca Cola,France,0.0,0.0,0.0,0.0,0.0,Cola
sans caf√©ine,Coca-Cola Zero,Suisse,0.8,0.0,0.0,0.0,0.0,Cola
Coca-Cola,Coca-Cola,France,180.0,0.0,10.6,10.6,0.0,Cola
Coca-cola z√©ro,Coca-Cola,France,0.0,0.0,0.0,0.0,0.0,Cola
Zero sucres,Coca-Cola,"–§—Ä–∞–Ω—Ü—É—Å–∫–∞,–°—Ä–±–∏—ò–∞,France",0.0,0.0,0.0,0.0,0.0,Cola
Coca Cola Light 330ml,"Coca-Cola,The Coca-Cola Company",France,4.0,0.0,0.0,0.0,0.0,Cola
Coca-Cola Life,Coca-Cola,France,98.0,0.0,5.8,5.8,0.0,Cola
Coca-Cola cherry,Coca-Cola,France,180.0,0.0,10.7,10.7,0.0,Cola
Coca cola,Coca-Cola,France,176.0,0.0,10.6,10.6,0.0,Cola
Coca-Cola z√©ro,Coca cola,Belgique,1.0,0.0,0.0,0.0,0.0,Cola
Coca-cola z√©ro cherry,Coca-cola,France,1.0,0.0,0.0,0.0,0.0,Cola
Coca-Cola Zero Sucres,"The Coca-Cola Company,Coca-Cola",France,13.0,0.0,0.0,0.0,0.0,Cola
Zero Lemon,Coca-Cola,France,4.0,0.0,0.0,0.0,0.0,Cola
Coca-Cola,Coca-Cola,Deutschland,180.0,0.0,10.6,10.6,0.0,Cola
Coca-Cola Light,Coca-Cola,France,1.0,0.0,0.0,0.0,0.0,Cola
Coca Cola,Coca-Cola,"France,United Kingdom, en:belgium",180.0,0.0,10.6,10.6,0.0,Cola
Coca-Cola,Coca-Cola,Deutschland,180.0,0.0,10.6,10.6,0.0,Cola
Coca-Cola,Coca-Cola,"Belgique,France,Serbie,Suisse",176.0,0.0,10.6,10.6,0.0,Cola
Coca cola light,Coca cola,"France,Portugal,Suisse",1.0,0.0,0.0,0.0,0.0,Cola
Coca Cola sans Caf√©ine,The Coca-Cola Company,France,188.0,0.0,11.0,11.0,0.0,Cola
Coca Cola Cherry,"Coca-Cola,Coca Cola","France,Switzerland",180.0,0.0,10.7,10.7,0.0,Cola
Coca-Cola,Coca-Cola,Danmark,180.0,0.0,10.6,10.6,0.0,Cola
Pepsi,Pepsi,"France,Pologne",169.0,0.0,10.68,10.64,0.0,Cola
HOOP Cola z Wi≈õniƒÖ,"Hoop Polska,Hoop",Poland,187.0,0.5,11.0,11.0,0.5,Cola
Coca Cola zero,Coca cola,"China,France",0.0,0.0,0.0,0.0,0.0,Cola
ÂèØÂè£ÂèØ‰πêÊ±ΩÊ∞¥,"Coca Cola,ÂèØÂè£ÂèØ‰πê",China,180.0,0.0,10.6,10.6,0.0,Cola
Gewara Cola,Gewara,Deutschland,183.0,0.5,10.0,10.0,0.5,Cola
Pepsi Max,"Pepsi,Pepsi-Cola,PepsiCo,Carlsberg Sverige",Sverige,1.0,0.0,0.0,0.0,0.1,Cola
Alla Tiders Cola,"Alla Tiders,√Öbro Bryggeri",Sverige,140.0,0.0,8.1,8.1,0.0,Cola
Dr. Pepper,Dr. Pepper,"France,Suisse",172.0,0.0,10.1,0.0,0.0,Cola
"Lemonade a l'arome de, la caf√©ine contenant de la cafeine",M Budget,Suisse,1.0,0.0,0.0,0.0,0.0,Cola
Cola,"Prix Garantie,Coop, coop PRIX GARANTIE","France,Suisse",170.0,0.0,10.0,10.0,0.0,Cola
Berta Cola,Cobecsa,Spain,1.0,0.0,0.0,0.0,0.0,Cola
Cola Zero,Jean's,France,3.0,0.2,0.2,0.1,0.0,Cola
Pepsi,Pepsi,"Cyprus,Serbia",169.0,0.0,10.7,10.6,0.0,Cola
Coca-Cola,Coca-Cola,Deutschland,180.0,0.0,10.6,10.6,0.0,Cola
Dr Pepper,"Dr Pepper,Coca-Cola",United Kingdom,123.0,0.0,7.2,7.2,0.0,Cola
Pepsi Next,Pepsi,France,128.0,0.0,7.5,7.4,0.0,Cola
Coca-cola,Coca-cola,France,176.0,0.0,10.6,10.6,0.0,Cola
Coca-Cola,Coca-Cola,"France,Maroc",180.0,0.0,10.6,10.6,0.0,Cola
Coca cola z√©ro,"Coca-Cola,Coca Cola,Coca Cola z√©ro","Belgique,France",0.0,0.0,0.0,0.0,0.0,Cola
Coca-cola z√©ro,Coca-Cola zero,Belgique,0.0,0.0,0.0,0.0,0.0,Cola
Dr. Pepper,Dr. Pepper,France,121.0,0.0,7.2,7.2,0.0,Cola
Coke Zero,Coca-Cola,Australia,1.4,0.0,0.1,0.0,0.05,Cola
Coke Zero,Coca-Cola,Australia,1.4,0.0,0.1,0.0,0.05,Cola